,GeneID,symbol
0,53637,S1PR5
1,2596,GAP43
2,56341,PRMT8
3,6326,SCN2A
4,8382,NME5
5,401190,RGS7BP
6,11041,B4GAT1
7,105378803,LRRC53
8,64805,P2RY12
9,8513,LIPF
10,389941,C1QL3
11,9901,SRGAP3
12,84332,DYDC2
13,10529,NEBL
14,8786,RGS11
15,4986,OPRK1
16,3786,KCNQ3
17,64241,ABCG8
19,147,ADRA1B
20,9495,AKAP5
21,6887,TAL2
22,5874,RAB27B
23,4654,MYOD1
24,727800,RNF208
25,10881,ACTL7A
26,63974,NEUROD6
27,10396,ATP8A1
28,23762,OSBP2
29,2571,GAD1
30,5803,PTPRZ1
31,284217,LAMA1
34,387601,SLC22A25
35,11113,CIT
36,83546,RTBDN
37,25769,SLC24A2
38,10297,APC2
39,57795,BRINP2
40,386617,KCTD8
41,2558,GABRA5
42,647310,TEX22
43,6751,SSTR1
44,8671,SLC4A4
45,51310,SLC22A17
46,22844,FRMPD1
47,1586,CYP17A1
48,553,AVPR1B
49,284485,RIIAD1
50,392309,OR13J1
51,4675,NAP1L3
52,22920,KIFAP3
53,9498,SLC4A8
54,344807,CD200R1L
55,10777,ARPP21
56,9745,ZNF536
57,6863,TAC1
58,121256,TMEM132D
59,9479,MAPK8IP1
60,10125,RASGRP1
61,5662,PSD
62,728419,USP17L30
63,7461,CLIP2
64,27233,SULT1C4
65,5225,PGC
66,6860,SYT4
67,442425,FOXB2
68,80319,CXXC4
69,7087,ICAM5
70,30010,NXPH1
71,131096,KCNH8
72,346562,GNAT3
73,728276,CLEC19A
74,11275,KLHL2
75,84966,IGSF21
76,887,CCKBR
77,26330,GAPDHS
78,285556,C4orf54
79,26575,RGS17
80,645191,LINGO3
81,54715,RBFOX1
82,84688,C9orf24
83,3739,KCNA4
84,26609,VCX
85,85449,KIAA1755
86,56934,CA10
88,10752,CHL1
89,64506,CPEB1
90,100130519,TMEM221
91,168667,BMPER
92,9705,ST18
93,338707,B4GALNT4
94,7809,BSND
95,23546,SYNGR4
96,150165,XKR3
97,2583,B4GALNT1
98,23148,NACAD
99,10485,C1orf61
100,79012,CAMKV
101,51617,NSG2
102,644070,GSG1L2
103,83992,CTTNBP2
104,2922,GRP
105,57582,KCNT1
106,54438,GFOD1
107,84063,KIRREL2
108,57526,PCDH19
109,57633,LRRN1
110,440829,SHISA8
111,5099,PCDH7
112,347252,IGFBPL1
113,3743,KCNA7
114,11249,NXPH2
115,2550,GABBR1
116,23149,FCHO1
117,84618,NT5C1A
118,8387,OR1E1
119,170690,ADAMTS16
120,54769,DIRAS2
121,27112,FAM155B
122,55584,CHRNA9
123,114792,KLHL32
124,266629,SEC14L3
125,4105,MAGEA6
126,1113,CHGA
127,7018,TF
128,6505,SLC1A1
129,5375,PMP2
130,84443,FRMPD3
131,9271,PIWIL1
132,83733,SLC25A18
133,26045,LRRTM2
134,55068,ENOX1
135,2563,GABRD
136,80023,NRSN2
137,100287238,USP17L13
138,27285,TEKT2
139,57574,MARCHF4
140,23007,PLCH1
141,5076,PAX2
142,25837,RAB26
144,23500,DAAM2
145,4983,OPHN1
146,3754,KCNF1
147,94115,CGB8
148,6662,SOX9
149,57026,PDXP
150,284656,EPHA10
151,5961,PRPH2
152,728405,USP17L29
153,130132,RFTN2
154,79097,TRIM48
155,56978,PRDM8
156,2977,GUCY1A2
157,8867,SYNJ1
158,100506012,PPP5D1
159,129684,CNTNAP5
160,285533,RNF175
161,2893,GRIA4
162,347733,TUBB2B
163,164633,CABP7
164,85300,ATCAY
165,40,ASIC2
166,8471,IRS4
167,248,ALPI
168,8437,RASAL1
169,400120,SERTM1
170,124925,SEZ6
171,23043,TNIK
172,196500,PIANP
173,3306,HSPA2
174,253152,EPHX4
175,344758,GPR149
176,2051,EPHB6
177,29902,FAM216A
178,84634,KISS1R
179,3547,IGSF1
180,147906,DACT3
181,1123,CHN1
182,9340,GLP2R
183,282973,JAKMIP3
184,80763,SPX
185,27087,B3GAT1
186,126567,C2CD4C
187,478,ATP1A3
189,256933,NPB
190,390010,NKX1-2
192,219578,ZNF804B
193,9863,MAGI2
194,1419,CRYGB
195,4897,NRCAM
196,1142,CHRNB3
197,25775,C22orf24
198,114788,CSMD3
199,25924,MYRIP
200,26580,BSCL2
201,2819,GPD1
202,2257,FGF12
203,728215,FAM155A
204,56896,DPYSL5
205,202134,FAM153B
206,55714,TENM3
207,65243,ZFP69B
208,256714,MAP7D2
210,645073,GAGE12G
211,158931,TCEAL6
212,6509,SLC1A4
213,27136,MORC1
214,253314,EIF4E1B
215,2554,GABRA1
216,54967,CT55
217,388364,TMIGD1
218,59353,TMEM35A
219,219770,GJD4
220,285093,RTP5
221,2119,ETV5
222,79628,SH3TC2
223,534,ATP6V1G2
224,91584,PLXNA4
225,2740,GLP1R
226,27439,TMEM121B
227,338917,VSX2
228,6447,SCG5
229,387923,SERP2
230,6262,RYR2
231,6017,RLBP1
233,283985,FADS6
234,26245,OR2M4
235,55521,TRIM36
236,252995,FNDC5
237,80975,TMPRSS5
238,54674,LRRN3
239,2906,GRIN2D
240,66004,LYNX1
241,168090,C6orf118
242,284521,OR2L13
243,222894,FERD3L
244,164832,LONRF2
245,5334,PLCL1
246,66000,TMEM108
247,139065,SLITRK4
248,11086,ADAM29
249,570,BAAT
250,125113,KRT222
251,407,ARR3
253,54328,GPR173
254,116966,WDR17
256,1610,DAO
257,9840,TESPA1
258,90161,HS6ST2
259,28996,HIPK2
260,4900,NRGN
261,4544,MTNR1B
262,22983,MAST1
263,130733,TMEM178A
264,54898,ELOVL2
265,348,APOE
266,127069,OR2T10
267,64090,GAL3ST2
268,18,ABAT
269,3776,KCNK2
270,83660,TLN2
271,54763,ROPN1
272,23154,NCDN
273,51761,ATP8A2
274,5137,PDE1C
275,5865,RAB3B
276,56675,NRIP3
277,3061,HCRTR1
278,319100,TAAR6
279,6319,SCD
280,3745,KCNB1
281,10804,GJB6
282,3196,TLX2
283,9456,HOMER1
284,2775,GNAO1
286,646799,ZAR1L
287,1808,DPYSL2
288,57084,SLC17A6
289,344,APOC2
290,389421,LIN28B
291,92369,SPSB4
292,238,ALK
293,401994,OR14I1
294,3467,IFNW1
295,4168,MCF2
296,8128,ST8SIA2
298,153201,SLC36A2
299,202151,RANBP3L
300,84553,FAXC
301,132112,RTP1
302,60529,ALX4
303,1135,CHRNA2
304,374786,EFCAB5
305,81618,ITM2C
306,6585,SLIT1
307,29965,CDIP1
308,763,CA5A
309,84432,PROK1
310,4915,NTRK2
311,343172,OR2T8
312,50804,MYEF2
313,51559,NT5DC3
314,100287404,USP17L19
315,643394,SPINK9
316,6440,SFTPC
317,317701,VN1R2
318,81849,ST6GALNAC5
319,286380,FOXD4L3
320,5569,PKIA
321,118427,OLFM3
322,54550,NECAB2
323,5578,PRKCA
324,6346,CCL1
325,22854,NTNG1
326,123872,DNAAF1
327,10439,OLFM1
328,5575,PRKAR1B
329,2831,NPBWR1
330,170961,ANKRD24
331,5650,KLK7
332,401498,TMEM215
333,54766,BTG4
334,5475,PPEF1
335,116443,GRIN3A
336,89792,GAL3ST3
337,221833,SP8
338,246744,STH
339,1149,CIDEA
340,29930,PCDHB1
341,5365,PLXNB3
342,8909,ENDOU
343,64579,NDST4
344,8632,DNAH17
347,1740,DLG2
348,10110,SGK2
349,283455,KSR2
350,129881,CCDC173
351,56111,PCDHGA4
352,126755,LRRC38
353,401036,ASB18
354,4987,OPRL1
355,167359,NIM1K
356,460,ASTN1
357,9177,HTR3B
358,1501,CTNND2
360,1007,CDH9
361,8941,CDK5R2
362,8522,GAS7
363,93107,KCNG4
364,127833,SYT2
365,63908,NAPB
366,51090,PLLP
367,3352,HTR1D
368,57731,SPTBN4
369,25827,FBXL2
370,9244,CRLF1
372,84457,PHYHIPL
373,118611,C10orf90
374,4161,MC5R
375,647060,SPATA31A1
376,27065,NSG1
377,1191,CLU
378,58524,DMRT3
379,135924,OR9A2
380,375318,AQP12A
381,10893,MMP24
382,3850,KRT3
383,2016,EMX1
384,158471,PRUNE2
385,4632,MYL1
386,57495,NWD2
387,57221,ARFGEF3
388,728379,USP17L26
389,84915,FAM222A
390,55532,SLC30A10
391,3797,KIF3C
392,23657,SLC7A11
393,338567,KCNK18
394,170850,KCNG3
395,374454,KRT77
396,825,CAPN3
397,124930,ANKRD13B
398,54886,PLPPR1
399,114900,C1QTNF4
400,85446,ZFHX2
401,4744,NEFH
402,8507,ENC1
403,646480,FABP9
405,7074,TIAM1
406,728386,USP17L5
407,150297,C22orf42
408,59283,CACNG8
409,29947,DNMT3L
410,100129128,KHDC1L
411,4160,MC4R
412,8537,BCAS1
413,23632,CA14
414,56135,PCDHAC1
415,2346,FOLH1
416,4905,NSF
417,10661,KLF1
419,2890,GRIA1
420,285220,EPHA6
422,128414,NKAIN4
423,100288072,SDR42E2
424,114,ADCY8
425,54557,SGTB
426,114815,SORCS1
427,64748,PLPPR2
428,7473,WNT3
429,4355,MPP2
430,84623,KIRREL3
431,729201,SPACA5B
432,56104,PCDHGB1
433,5142,PDE4B
434,22987,SV2C
435,1131,CHRM3
436,8745,ADAM23
437,80059,LRRTM4
438,5798,PTPRN
439,22986,SORCS3
440,1271,CNTFR
441,6010,RHO
442,2911,GRM1
443,197021,LCTL
444,65122,PRAMEF2
445,8471,IRS4
446,51289,RXFP3
447,143162,FRMPD2
448,9362,CPNE6
449,136371,ASB10
450,54437,SEMA5B
451,6710,SPTB
452,84059,ADGRV1
453,6323,SCN1A
454,51209,RAB9B
455,146845,CFAP52
456,116085,SLC22A12
457,728393,USP17L27
458,402117,VWC2L
459,7070,THY1
460,346171,ZFP57
462,3756,KCNH1
464,6543,SLC8A2
465,158724,FAM47A
466,414149,ACBD7
467,7857,SCG2
468,26038,CHD5
469,3765,KCNJ9
470,57464,STRIP2
471,344901,OSTN
472,780776,TVP23A
473,283116,TRIM49B
474,3231,HOXD1
476,390191,OR5B12
477,114824,PNMA5
478,9211,LGI1
479,348303,SELENOV
480,219736,STOX1
481,22979,EFR3B
482,6476,SI
483,88,ACTN2
484,374918,IGFL1
485,80816,ASXL3
486,3042,HBM
487,6756,SSX1
489,7067,THRA
490,85315,PAQR8
491,5860,QDPR
492,59335,PRDM12
493,9806,SPOCK2
494,93145,OLFM2
495,5173,PDYN
496,57282,SLC4A10
497,254778,VXN
498,153328,SLC25A48
499,773,CACNA1A
500,10815,CPLX1
501,50944,SHANK1
502,55966,AJAP1
503,6754,SSTR4
504,641372,ACOT6
505,4184,SMCP
507,1000,CDH2
508,25830,SULT4A1
509,198437,LKAAEAR1
510,401097,C3orf80
511,196051,PLPP4
512,390205,LRRC10B
513,954,ENTPD2
514,100131980,ZNF705G
515,81628,TSC22D4
516,2253,FGF8
517,146395,GSG1L
518,50651,SLC45A1
519,23229,ARHGEF9
520,1944,EFNA3
521,196541,METTL21C
522,4023,LPL
523,64219,PJA1
524,219409,GSX1
525,10718,NRG3
526,100507421,TMEM178B
527,399697,CTXN2
528,140767,NRSN1
529,56776,FMN2
530,284434,NWD1
531,23418,CRB1
532,4613,MYCN
533,57512,GPR158
534,57642,COL20A1
535,345222,MSANTD1
536,343637,RSPO4
537,6870,TACR3
538,1745,DLX1
539,59351,PBOV1
540,133690,CAPSL
541,81615,TMEM163
542,55117,SLC6A15
543,5100,PCDH8
544,2983,GUCY1B1
545,253982,ASPHD1
546,64850,ETNPPL
547,9283,GPR37L1
548,5680,PSG11
549,9951,HS3ST4
550,200373,CFAP221
552,10409,BASP1
553,4142,MAS1
554,1012,CDH13
555,154790,CLEC2L
556,83648,FAM167A
557,56062,KLHL4
558,26103,LRIT1
559,9210,BMP15
560,148252,DIRAS1
561,79369,B3GNT4
562,55799,CACNA2D3
563,7036,TFR2
564,4440,MSI1
565,388336,SHISA6
566,4284,MIP
567,5521,PPP2R2B
568,23541,SEC14L2
569,5013,OTX1
570,10738,RFPL3
571,219995,MS4A15
572,9348,NDST3
573,5456,POU3F4
574,1409,CRYAA
575,84254,CAMKK1
577,9659,PDE4DIP
578,5837,PYGM
579,143282,FGFBP3
580,440699,LRRC52
581,29968,PSAT1
582,346673,STRA8
583,150379,PNPLA5
584,4992,OR1F1
586,1600,DAB1
587,391002,PRAMEF8
590,57692,MAGEE1
591,404037,HAPLN4
592,126402,CCDC105
593,80341,BPIFB2
594,9033,PKD2L1
595,27006,FGF22
596,51764,GNG13
597,57156,TMEM63C
598,146227,BEAN1
599,54207,KCNK10
600,653067,XAGE1B
601,221687,RNF182
602,57689,LRRC4C
603,6752,SSTR2
604,8001,GLRA3
605,3884,KRT33B
606,2290,FOXG1
607,23245,ASTN2
608,139728,PNCK
609,23201,FAM168A
610,26507,CNNM1
611,4761,NEUROD2
612,728369,USP17L24
613,116986,AGAP2
614,114134,SLC2A13
615,137868,SGCZ
616,284312,ZSCAN1
617,22997,IGSF9B
618,57168,ASPHD2
619,401387,LRRD1
620,85366,MYLK2
621,94097,SFXN5
622,56134,PCDHAC2
623,8153,RND2
624,54209,TREM2
625,7101,NR2E1
626,6376,CX3CL1
627,64854,USP46
628,3925,STMN1
629,2913,GRM3
630,6733,SRPK2
631,886,CCKAR
632,482,ATP1B2
633,1917,EEF1A2
634,26074,CFAP61
635,22802,CLCA4
636,7804,LRP8
637,5455,POU3F3
638,869,CBLN1
639,197,AHSG
640,399967,PATE2
641,2742,GLRA2
642,79955,PDZD7
643,22843,PPM1E
644,84628,NTNG2
645,345062,PRSS48
646,3798,KIF5A
647,285679,C5orf60
648,27344,PCSK1N
650,64377,CHST8
651,200150,PLD5
652,220416,LRRC63
653,344838,PAQR9
654,54551,MAGEL2
655,81551,STMN4
656,26659,OR7A5
657,4100,MAGEA1
658,84435,ADGRA1
659,391723,HELT
660,59350,RXFP1
661,8936,WASF1
662,6327,SCN2B
663,54734,RAB39A
664,6563,SLC14A1
665,4133,MAP2
668,402381,SOHLH1
669,5274,SERPINI1
670,112937,GLB1L3
671,84107,ZIC4
672,7533,YWHAH
673,56899,ANKS1B
674,116173,CMTM5
675,442117,GALNTL6
676,30819,KCNIP2
677,56103,PCDHGB2
678,6861,SYT5
679,100130613,PRR32
680,3166,HMX1
681,140597,TCEAL2
682,53826,FXYD6
683,9638,FEZ1
684,55586,MIOX
685,63950,DMRTA2
688,56,ACRV1
689,79781,IQCA1
691,84239,ATP13A4
692,257407,C2orf72
694,63827,BCAN
695,3748,KCNC3
696,2018,EMX2
697,135295,SRSF12
698,5270,SERPINE2
699,8913,CACNA1G
700,56140,PCDHA8
701,50801,KCNK4
702,23359,FAM189A1
703,9148,NEURL1
704,54958,TMEM160
705,84707,BEX2
706,4166,CHST6
707,284433,OR10H5
708,64208,POPDC3
709,5064,PALM
711,23769,FLRT1
712,55530,SVOP
713,80759,KHDC1
714,51704,GPRC5B
715,9746,CLSTN3
716,22895,RPH3A
717,242,ALOX12B
718,22808,MRAS
720,170685,NUDT10
721,7216,TRO
722,81706,PPP1R14C
723,54363,HAO1
724,90134,KCNH7
725,286499,FAM133A
726,285800,PRR18
727,148738,HJV
728,107,ADCY1
729,2557,GABRA4
730,89958,SAPCD2
731,4887,NPY2R
732,9468,PCYT1B
733,7143,TNR
734,3195,TLX1
735,124842,TMEM132E
736,344905,ATP13A5
737,113451,AZIN2
738,7681,MKRN3
739,145497,LRRC74A
740,22861,NLRP1
741,112755,STX1B
742,139425,DCAF8L1
743,54329,GPR85
744,5649,RELN
745,84530,SRRM4
746,1524,CX3CR1
747,114800,CCDC85A
748,22924,MAPRE3
749,79776,ZFHX4
750,2900,GRIK4
751,83889,WDR87
752,4111,MAGEA12
753,4099,MAG
754,6565,SLC15A2
755,86614,HSFY1
756,114088,TRIM9
757,65121,PRAMEF1
758,392399,LCN9
759,83445,GSG1
760,1943,EFNA2
761,728373,USP17L25
762,58158,NEUROD4
763,89927,BMERB1
764,2823,GPM6A
765,56137,PCDHA12
766,389177,TMEM212
767,57571,CARNS1
768,83894,TTC29
769,10046,MAMLD1
770,23316,CUX2
771,84889,SLC7A3
772,2786,GNG4
773,1400,CRMP1
774,54825,CDHR2
775,8303,SNN
776,56650,CLDND1
777,80823,BHLHB9
778,496,ATP4B
779,57476,GRAMD1B
780,1446,CSN1S1
781,29989,OBP2B
782,55605,KIF21A
783,144423,GLT1D1
784,84968,PNMA6A
785,1258,CNGB1
786,337879,KRTAP8-1
787,54332,GDAP1
788,1804,DPP6
789,8707,B3GALT2
790,221191,PRSS54
791,100528020,FAM187A
792,7224,TRPC5
793,26737,OR1L1
794,7476,WNT7A
795,57524,CASKIN1
796,348487,FAM131C
797,54212,SNTG1
798,2894,GRID1
799,730098,LOC730098
800,1392,CRH
801,56113,PCDHGA2
802,53342,IL17D
803,147381,CBLN2
804,65055,REEP1
805,9890,PLPPR4
806,642597,AKAIN1
807,11332,ACOT7
808,6539,SLC6A12
809,6538,SLC6A11
810,26999,CYFIP2
811,389206,BEND4
812,339453,TMEM240
813,57408,LRTM1
814,257,ALX3
815,11075,STMN2
816,161725,OTUD7A
817,116,ADCYAP1
818,416,ARSF
819,3208,HPCA
820,26012,NSMF
821,57586,SYT13
822,23120,ATP10B
823,65267,WNK3
824,8424,BBOX1
825,190,NR0B1
826,2168,FABP1
827,114928,GPRASP2
828,2835,GPR12
829,164153,UBL4B
830,389649,C8orf86
831,654429,LRTM2
832,56977,STOX2
834,140258,KRTAP13-1
835,10810,WASF3
836,9118,INA
837,57575,PCDH10
838,57628,DPP10
839,51458,RHCG
840,131408,FAM131A
841,6663,SOX10
842,115019,SLC26A9
843,7280,TUBB2A
844,90668,CARMIL3
845,6712,SPTBN2
846,7827,NPHS2
847,3822,KLRC2
848,387775,SLC22A10
849,55885,LMO3
850,390429,OR4N2
851,79570,NKAIN1
852,26018,LRIG1
853,4625,MYH7
854,80723,SLC35G2
855,60484,HAPLN2
856,1133,CHRM5
857,285382,C3orf70
858,79041,TMEM38A
859,26251,KCNG2
860,57181,SLC39A10
861,2520,GAST
862,283694,OR4N4
863,347731,LRRTM3
864,9764,KIAA0513
865,199699,DAND5
866,94015,TTYH2
867,285175,UNC80
868,5275,SERPINB13
869,100507003,GFY
870,100287045,FAM90A26
871,145447,ABHD12B
872,576,ADGRB2
873,57447,NDRG2
874,84620,ST6GAL2
875,25927,CNRIP1
876,257194,NEGR1
877,441308,OR4F21
878,54511,HMGCLL1
879,375759,C9orf50
880,8120,AP3B2
881,419,ART3
882,57180,ACTR3B
883,28512,NKIRAS1
884,5453,POU3F1
885,11250,GPR45
886,255027,MPV17L
888,56154,TEX15
889,343263,MYBPHL
890,100129654,TCF24
891,8851,CDK5R1
892,10715,CERS1
893,4684,NCAM1
894,10368,CACNG3
895,6622,SNCA
896,222553,SLC35F1
897,80150,ASRGL1
898,339512,CCDC190
899,285525,YIPF7
900,3881,KRT31
901,9892,SNAP91
902,9023,CH25H
903,23746,AIPL1
905,4760,NEUROD1
906,388323,GLTPD2
907,2830,GPR6
908,57460,PPM1H
909,389075,RESP18
910,23101,MCF2L2
911,9379,NRXN2
912,4345,CD200
913,7546,ZIC2
914,283576,ZDHHC22
915,1579,CYP4A11
916,100507679,MUC22
917,118812,MORN4
918,2845,GPR22
919,79929,MAP6D1
920,221223,CES5A
921,56106,PCDHGA10
922,54752,FNDC8
923,56344,CABP5
924,158399,ZNF483
925,22848,AAK1
926,645369,TMEM200C
927,353133,LCE1C
928,5568,PRKACG
929,57468,SLC12A5
930,9515,STXBP5L
931,114880,OSBPL6
932,93426,SYCE1
933,80863,PRRT1
934,5080,PAX6
935,56130,PCDHB6
936,1759,DNM1
937,284348,LYPD5
938,54704,PDP1
939,23321,TRIM2
941,23208,SYT11
942,245915,DEFB112
943,54777,CFAP46
944,80309,SPHKAP
945,9829,DNAJC6
946,11023,VAX1
948,79747,ADGB
949,10744,PTTG2
951,164127,CCDC185
952,375607,NAT16
953,11170,FAM107A
954,442444,FAM47C
955,255426,RASGEF1C
956,100287205,USP17L12
957,63973,NEUROG2
958,6507,SLC1A3
959,3897,L1CAM
960,6011,GRK1
961,84504,NKX6-2
962,22911,WDR47
963,9229,DLGAP1
964,150280,HORMAD2
965,3785,KCNQ2
966,150946,GAREM2
967,2834,PRLHR
968,4342,MOS
970,266743,NPAS4
971,782,CACNB1
972,26052,DNM3
973,117248,GALNT15
974,83694,RPS6KL1
975,1299,COL9A3
976,3696,ITGB8
977,9240,PNMA1
978,5046,PCSK6
979,221074,SLC39A12
980,253559,CADM2
981,6833,ABCC8
982,2262,GPC5
983,6857,SYT1
984,3747,KCNC2
986,1608,DGKG
987,90853,SPOCD1
988,54514,DDX4
989,23542,MAPK8IP2
990,132200,C3orf49
991,64100,ELSPBP1
992,57822,GRHL3
993,401335,C7orf65
994,398,ARHGDIG
995,9081,PRY
996,10231,RCAN2
997,222183,SRRM3
998,340205,TREML1
999,7275,TUB
1000,56142,PCDHA6
1001,8140,SLC7A5
1002,117154,DACH2
1003,83698,CALN1
1004,2864,FFAR1
1005,57110,PLAAT1
1006,4973,OLR1
1007,4693,NDP
1009,6295,SAG
1010,65078,RTN4R
1011,41,ASIC1
1012,390036,OR52K1
1014,7201,TRHR
1015,146378,C16orf92
1016,2709,GJB5
1017,11197,WIF1
1018,58510,PRODH2
1019,23026,MYO16
1020,163933,FAM43B
1021,146167,SLC38A8
1022,9947,MAGEC1
1023,3250,HPR
1024,59285,CACNG6
1025,2824,GPM6B
1026,2832,NPBWR2
1027,5582,PRKCG
1028,781,CACNA2D1
1029,200504,GKN2
1030,4130,MAP1A
1031,2788,GNG7
1032,57529,RTL9
1033,89795,NAV3
1034,140689,CBLN4
1035,50861,STMN3
1036,9289,ADGRG1
1037,114805,GALNT13
1038,26047,CNTNAP2
1039,11141,IL1RAPL1
1040,9543,IGDCC3
1041,4293,MAP3K9
1043,55118,CRTAC1
1044,91156,IGFN1
1045,338761,C1QL4
1046,150209,AIFM3
1047,783,CACNB2
1048,285601,GPR150
1049,5414,SEPTIN4
1050,3626,INHBC
1051,9783,RIMS3
1053,23284,ADGRL3
1054,5063,PAK3
1055,84867,PTPN5
1056,2986,GUCY2F
1057,64902,AGXT2
1058,256297,PTF1A
1059,6407,SEMG2
1060,23122,CLASP2
1061,51195,RAPGEFL1
1062,79966,SCD5
1063,7547,ZIC3
1064,9248,GPR50
1065,114960,TSGA13
1066,5621,PRNP
1067,55248,PACC1
1068,5764,PTN
1069,9228,DLGAP2
1070,134288,TMEM174
1071,6656,SOX1
1072,338557,FFAR4
1073,4644,MYO5A
1074,84929,FIBCD1
1075,165215,FAM171B
1076,387804,VSTM5
1077,2259,FGF14
1078,79957,PAQR6
1079,2565,GABRG1
1080,221002,RASGEF1A
1081,3083,HGFAC
1082,5864,RAB3A
1083,50810,HDGFL3
1084,375612,LHFPL3
1085,5454,POU3F2
1086,2138,EYA1
1087,2905,GRIN2C
1088,57596,BEGAIN
1089,404217,CTXN1
1090,23710,GABARAPL1
1091,144448,TSPAN19
1092,5020,OXT
1093,9312,KCNB2
1094,448834,KPRP
1095,730130,TMEM229A
1096,653641,GOLGA6C
1097,2637,GBX2
1098,57622,LRFN1
1099,53919,SLCO1C1
1100,53358,SHC3
1101,139599,MAGEE2
1102,4208,MEF2C
1103,79006,METRN
1105,57475,PLEKHH1
1106,56139,PCDHA10
1107,146177,VWA3A
1108,84894,LINGO1
1109,83873,GPR61
1110,20,ABCA2
1111,146330,FBXL16
1112,51480,VCX2
1113,79632,FAM184A
1114,27133,KCNH5
1115,4948,OCA2
1116,7345,UCHL1
1117,5276,SERPINI2
1118,5502,PPP1R1A
1119,127795,C1orf87
1120,283514,SIAH3
1121,84722,PSRC1
1122,199731,CADM4
1123,89853,MVB12B
1124,84891,ZSCAN10
1125,627,BDNF
1126,26059,ERC2
1127,85416,ZIC5
1128,100130771,EFCAB10
1129,1993,ELAVL2
1130,30820,KCNIP1
1131,440955,TMEM89
1132,4435,CITED1
1133,147323,STARD6
1134,9672,SDC3
1135,9805,SCRN1
1136,220963,SLC16A9
1137,80034,CSRNP3
1139,64084,CLSTN2
1140,7484,WNT9B
1141,222662,LHFPL5
1142,134526,ACOT12
1143,7478,WNT8A
1144,338322,NLRP10
1145,139081,MAGEC3
1146,5581,PRKCE
1147,375704,ENHO
1148,56302,TRPV5
1149,2898,GRIK2
1150,152789,JAKMIP1
1151,1795,DOCK3
1152,1750,DLX6
1153,339479,BRINP3
1154,1852,DUSP9
1155,4340,MOG
1156,9762,LZTS3
1157,25818,KLK5
1158,83659,TEKT1
1159,2020,EN2
1160,23415,KCNH4
1161,121278,TPH2
1162,7976,FZD3
1163,55607,PPP1R9A
1165,84666,RETNLB
1166,152065,C3orf22
1167,10501,SEMA6B
1168,140885,SIRPA
1169,254272,TBC1D28
1170,56097,PCDHGC5
1171,7301,TYRO3
1172,387890,TMEM233
1173,170302,ARX
1174,8237,USP11
1175,56144,PCDHA4
1176,646658,SYNDIG1L
1177,2587,GALR1
1178,2561,GABRB2
1179,814,CAMK4
1180,5121,PCP4
1181,84152,PPP1R1B
1182,57613,FAM234B
1183,414899,BLID
1184,51286,CEND1
1185,342977,NANOS3
1186,64106,NPFFR1
1187,116135,LRRC3B
1188,653247,PRB2
1189,4759,NEU2
1190,2779,GNAT1
1191,610,HCN2
1192,692094,MSMP
1193,78997,GDAP1L1
1194,57453,DSCAML1
1195,387597,ILDR2
1196,340529,PABPC1L2A
1197,7102,TSPAN7
1198,201191,SAMD14
1199,6706,SPRR2G
1201,1746,DLX2
1202,80164,PRR36
1203,777,CACNA1E
1204,5368,PNOC
1205,54331,GNG2
1206,26538,OR10H2
1208,401089,FOXL2NB
1209,27289,RND1
1210,84439,HHIPL1
1211,150677,OTOS
1212,205147,AMER3
1213,6704,SPRR2E
1214,151112,ZSWIM2
1215,56133,PCDHB2
1216,3827,KNG1
1217,4588,MUC6
1218,23531,MMD
1219,51298,THEG
1220,64112,MOAP1
1221,22866,CNKSR2
1222,9152,SLC6A5
1223,200407,CREG2
1224,146223,CMTM4
1225,1363,CPE
1226,5744,PTHLH
1227,3358,HTR2C
1228,2914,GRM4
1229,5799,PTPRN2
1230,23209,MLC1
1231,55805,LRP2BP
1232,254263,CNIH2
1233,145407,ARMH4
1234,4137,MAPT
1235,727857,BHLHA9
1236,6913,TBX15
1237,114571,SLC22A9
1239,57540,DISP3
1240,100287226,ZNF729
1241,590,BCHE
1242,11122,PTPRT
1243,3782,KCNN3
1244,138046,RALYL
1245,10675,CSPG5
1246,116931,MED12L
1248,6508,SLC4A3
1249,7200,TRH
1250,27092,CACNG4
1251,10479,SLC9A6
1252,339416,ANKRD45
1253,266722,HS6ST3
1254,260434,PYDC1
1255,390181,OR5AK2
1256,7652,ZNF99
1257,92235,DUSP27
1258,266812,NAP1L5
1260,100287482,SMKR1
1261,414157,C10orf62
1262,27132,CPNE7
1263,2572,GAD2
1264,29118,DDX25
1265,5992,RFX4
1266,143425,SYT9
1267,284069,FAM171A2
1268,57446,NDRG3
1269,6000,RGS7
1270,4294,MAP3K10
1271,3992,FADS1
1272,65009,NDRG4
1273,10178,TENM1
1274,339983,NAT8L
1275,55753,OGDHL
1276,400073,C12orf76
1277,2850,GPR27
1278,6299,SALL1
1279,2840,GPR17
1280,116442,RAB39B
1281,30812,SOX8
1282,24150,TP53TG3
1285,5078,PAX4
1286,10214,SSX3
1287,10098,TSPAN5
1288,23114,NFASC
1289,100008586,GAGE12F
1290,163479,FNDC7
1291,114787,GPRIN1
1292,22859,ADGRL1
1293,885,CCK
1294,51760,SYT17
1295,353149,TBC1D26
1296,340419,RSPO2
1297,23462,HEY1
1298,29114,TAGLN3
1299,57118,CAMK1D
1300,3175,ONECUT1
1301,79698,ZMAT4
1302,146664,MGAT5B
1303,347736,NME9
1304,26257,NKX2-8
1305,3552,IL1A
1306,2827,GPR3
1307,2902,GRIN1
1308,321,APBA2
1309,5305,PIP4K2A
1310,389084,SNORC
1311,492,ATP2B3
1312,119,ADD2
1313,4988,OPRM1
1314,440822,PIWIL3
1315,8534,CHST1
1316,340596,LHFPL1
1317,80333,KCNIP4
1318,439996,IFIT1B
1319,491,ATP2B2
1321,440073,IQSEC3
1322,9900,SV2A
1323,79192,IRX1
1324,7781,SLC30A3
1325,10242,KCNMB2
1326,2731,GLDC
1327,138803,OR13C3
1328,89890,KBTBD6
1329,131375,LYZL4
1330,23217,ZFR2
1331,3447,IFNA13
1332,57030,SLC17A7
1333,222950,NYAP1
1335,4995,OR3A2
1336,195814,SDR16C5
1337,6252,RTN1
1338,4336,MOBP
1339,100526767,RNF103-CHMP3
1340,11182,SLC2A6
1341,641654,HEPN1
1342,133121,ENPP6
1343,952,CD38
1344,431704,RGS21
1345,3439,IFNA1
1346,50674,NEUROG3
1347,6750,SST
1348,107986898,LOC107986898
1349,27239,GPR162
1350,57348,TTYH1
1351,134111,UBE2QL1
1352,9363,RAB33A
1353,64591,TSPY2
1354,2694,CBLIF
1355,4608,MYBPH
1356,108,ADCY2
1357,8404,SPARCL1
1358,222008,VSTM2A
1359,50834,TAS2R1
1360,54933,RHBDL2
1361,389549,FEZF1
1362,3889,KRT83
1363,400224,PLEKHD1
1365,4102,MAGEA3
1366,575,ADGRB1
1367,645974,PABPC1L2B
1368,440050,KRTAP5-7
1369,400961,PAIP2B
1370,51062,ATL1
1371,407738,TAFA1
1372,148003,LGALS16
1373,149297,FAM78B
1374,124404,SEPTIN12
1375,9472,AKAP6
1376,29970,SCHIP1
1377,770,CA11
1378,259289,TAS2R43
1379,8988,HSPB3
1380,22883,CLSTN1
1381,24147,FJX1
1382,389730,SPATA31A6
1383,27122,DKK3
1384,23547,LILRA4
1386,11248,NXPH3
1387,10152,ABI2
1388,92691,TMEM169
1389,126520,PLK5
1390,2115,ETV1
1391,57821,CCDC181
1392,64478,CSMD1
1393,27012,KCNV1
1394,57415,C3orf14
1398,23095,KIF1B
1399,64714,PDIA2
1400,1325,CORT
1401,3781,KCNN2
1403,1005,CDH7
1404,389158,PLSCR5
1405,9071,CLDN10
1407,250,ALPP
1408,793,CALB1
1409,114783,LMTK3
1410,1620,BRINP1
1411,7141,TNP1
1412,85352,SHISAL1
1413,23620,NTSR2
1414,5027,P2RX7
1415,4861,NPAS1
1417,287,ANK2
1418,23281,MTUS2
1419,23176,SEPTIN8
1420,149345,SHISA4
1421,149954,BPIFB4
1422,6792,CDKL5
1423,6557,SLC12A1
1424,284339,TMEM145
1426,9717,SEC14L5
1427,158763,ARHGAP36
1428,84690,SPATA22
1429,79339,OR51B4
1430,3780,KCNN1
1431,3737,KCNA2
1432,55220,KLHDC8A
1433,273,AMPH
1434,5010,CLDN11
1435,391195,OR2T33
1436,220164,DOK6
1437,25758,KIAA1549L
1438,408263,FNDC9
1439,84249,PSD2
1440,85397,RGS8
1441,116988,AGAP3
1442,54443,ANLN
1443,56666,PANX2
1444,474,ATOH1
1445,6658,SOX3
1446,9732,DOCK4
1447,5995,RGR
1448,161357,MDGA2
1449,1496,CTNNA2
1450,7369,UMOD
1451,201780,SLC10A4
1452,2043,EPHA4
1453,131405,TRIM71
1454,57687,VAT1L
1455,9796,PHYHIP
1456,117,ADCYAP1R1
1457,54860,MS4A12
1458,5648,MASP1
1459,27253,PCDH17
1460,11341,SCRG1
1461,5129,CDK18
1462,9770,RASSF2
1463,2254,FGF9
1464,11247,NXPH4
1465,202374,STK32A
1466,23127,COLGALT2
1467,51435,SCARA3
1468,84302,PGAP4
1469,286365,OR13D1
1470,55314,TMEM144
1472,11178,LZTS1
1473,100507341,SMIM18
1474,266740,MAGEA2B
1475,57369,GJD2
1476,26032,SUSD5
1477,374860,ANKRD30B
1478,254773,LYG2
1479,9378,NRXN1
1480,5746,PTH2R
1481,54600,UGT1A9
1482,154150,HDGFL1
1483,28316,CDH20
1484,6511,SLC1A6
1485,5354,PLP1
1486,10687,PNMA2
1487,378807,CATSPER4
1488,187,APLNR
1489,283212,KLHL35
1490,1961,EGR4
1491,643965,TMEM88B
1492,100287178,USP17L11
1493,55511,SAGE1
1495,6665,SOX15
1496,255928,SYT14
1497,22865,SLITRK3
1498,388394,RPRML
1499,343171,OR2W3
1500,643847,PGA4
1501,56141,PCDHA7
1502,23544,SEZ6L
1504,5153,PDE1B
1505,808,CALM3
1506,50831,TAS2R3
1507,133022,TRAM1L1
1508,1638,DCT
1509,4185,ADAM11
1510,1814,DRD3
1511,93190,C1orf158
1512,11166,SOX21
1513,347273,CAVIN4
1514,6094,ROM1
1515,64806,IL25
1516,56853,CELF4
1517,9751,SNPH
1518,388228,SBK1
1519,127074,OR2T4
1520,27201,GPR78
1521,23237,ARC
1523,9627,SNCAIP
1524,29942,PURG
1525,60680,CELF5
1526,8900,CCNA1
1527,9723,SEMA3E
1528,56917,MEIS3
1529,1393,CRHBP
1530,10936,GPR75
1531,100287513,USP17L22
1532,11095,ADAMTS8
1533,340533,NEXMIF
1534,22891,ZNF365
1535,11007,CCDC85B
1536,23046,KIF21B
1537,2258,FGF13
1538,399473,SPRED3
1539,2664,GDI1
1540,283461,C12orf40
1541,387129,NPSR1
1542,122402,TDRD9
1543,23239,PHLPP1
1544,170825,GSX2
1545,341883,LRRC9
1546,9241,NOG
1548,7732,RNF112
1549,51555,PEX5L
1550,1268,CNR1
1551,440533,PSG8
1552,56138,PCDHA11
1553,256130,TMEM196
1554,27445,PCLO
1555,146723,C17orf77
1556,9625,AATK
1557,56121,PCDHB15
1558,727940,RHOXF2B
1559,9024,BRSK2
1560,2916,GRM6
1561,53942,CNTN5
1562,51148,CERCAM
1563,5058,PAK1
1564,124222,PAQR4
1565,84630,TTBK1
1567,27319,BHLHE22
1568,2134,EXTL1
1569,1267,CNP
1570,402573,C7orf61
1571,57604,TRMT9B
1572,145773,FAM81A
1573,10655,DMRT2
1574,57528,KCTD16
1575,1761,DMRT1
1576,2559,GABRA6
1577,23305,ACSL6
1578,152404,IGSF11
1580,342918,C19orf81
1581,9899,SV2B
1582,3049,HBQ1
1583,10188,TNK2
1584,26256,CABYR
1585,5024,P2RX3
1586,324,APC
1587,340990,OTOG
1588,653220,XAGE1A
1589,6657,SOX2
1590,401250,MCCD1
1591,29767,TMOD2
1592,5999,RGS4
1593,79750,ZNF385D
1594,7846,TUBA1A
1595,22829,NLGN4Y
1596,53822,FXYD7
1597,345557,PLCXD3
1598,133308,SLC9B2
1599,65989,DLK2
1601,4145,MATK
1602,112817,HOGA1
1603,3746,KCNC1
1604,205860,TRIML2
1605,5623,PSPN
1606,4923,NTSR1
1607,6664,SOX11
1608,655,BMP7
1609,79412,KREMEN2
1610,2918,GRM8
1611,53616,ADAM22
1612,151651,EFHB
1613,340602,EZHIP
1614,21,ABCA3
1616,57698,SHTN1
1617,151790,WDR49
1618,401137,PRR27
1619,10683,DLL3
1620,5625,PRODH
1621,84814,PLPP7
1622,55294,FBXW7
1623,9376,SLC22A8
1625,1032,CDKN2D
1626,9891,NUAK1
1627,222537,HS3ST5
1628,137970,UNC5D
1629,2334,AFF2
1630,1004,CDH6
1631,50614,GALNT9
1632,128653,C20orf141
1633,2978,GUCA1A
1634,4591,TRIM37
1635,9486,CHST10
1636,51560,RAB6B
1637,10086,HHLA1
1638,131149,OTOL1
1639,766,CA7
1640,23072,HECW1
1641,57863,CADM3
1642,5138,PDE2A
1643,23302,WSCD1
1644,25817,TAFA5
1645,442862,PRY2
1646,8390,OR1G1
1647,389813,AJM1
1648,162998,OR7D2
1649,286204,CRB2
1650,283297,OR10A4
1651,100132074,FOXO6
1652,7432,VIP
1653,222166,MTURN
1654,154197,PNLDC1
1655,130752,MDH1B
1656,55176,SEC61A2
1657,150572,SMYD1
1658,57699,CPNE5
1659,57595,PDZD4
1660,56114,PCDHGA1
1661,84691,FAM71F1
1662,79057,PRRG3
1663,1421,CRYGD
1664,9066,SYT7
1665,4956,ODF1
1666,2901,GRIK5
1667,164395,TTLL9
1668,5021,OXTR
1669,5149,PDE6H
1670,9001,HAP1
1671,9478,CABP1
1672,148281,SYT6
1673,30845,EHD3
1674,85452,CFAP74
1675,1960,EGR3
1676,6247,RS1
1677,1016,CDH18
1678,7252,TSHB
1679,4045,LSAMP
1680,9671,WSCD2
1681,203259,FAM219A
1682,56301,SLC7A10
1683,9920,KBTBD11
1685,55861,DBNDD2
1686,84466,MEGF10
1687,4826,NNAT
1688,160065,PATE1
1690,6620,SNCB
1691,729025,SLC15A5
1692,54112,GPR88
1693,1302,COL11A2
1694,3823,KLRC3
1696,9108,MTMR7
1697,360203,GLT6D1
1699,654790,PCP4L1
1700,84871,AGBL4
1701,56245,C21orf62
1702,7471,WNT1
1703,2246,FGF1
1704,5522,PPP2R2C
1705,155185,AMZ1
1706,4951,OCM2
1707,165679,SPTSSB
1708,94233,OPN4
1709,9356,SLC22A6
1710,148808,MFSD4A
1711,1670,DEFA5
1712,389257,LRRC14B
1713,79187,FSD1
1714,219738,FAM241B
1715,25999,CLIP3
1716,127003,C1orf194
1717,729059,TEX46
1718,114784,CSMD2
1719,340204,CLPSL1
1720,10882,C1QL1
1721,25789,TMEM59L
1722,9201,DCLK1
1723,64168,NECAB1
1724,4622,MYH4
1725,83692,CD99L2
1727,374875,HSD11B1L
1728,4985,OPRD1
1729,160419,C12orf50
1730,92749,DRC1
1731,25806,VAX2
1732,155066,ATP6V0E2
1733,347442,DCAF8L2
1734,9247,GCM2
1735,80070,ADAMTS20
1736,57624,NYAP2
1737,9576,SPAG6
1738,6866,TAC3
1739,128434,VSTM2L
1740,3730,ANOS1
1741,92737,DNER
1742,4878,NPPA
1743,57626,KLHL1
1745,56660,KCNK12
1746,779,CACNA1S
1747,7712,ZNF157
1749,729956,SHISA7
1750,56145,PCDHA3
1751,125704,DIPK1C
1752,5653,KLK6
1753,4656,MYOG
1754,1850,DUSP8
1755,344191,EVX2
1757,158511,CSAG1
1758,2912,GRM2
1759,399814,C10orf120
1760,340595,RTL4
1761,23439,ATP1B4
1762,5098,PCDHGC3
1764,23017,FAIM2
1765,3766,KCNJ10
1766,642968,FAM163B
1767,285126,DNAJC5G
1768,4858,NOVA2
1770,644168,DRGX
1771,6547,SLC8A3
1772,6096,RORB
1773,375323,LHFPL4
1774,10486,CAP2
1775,6736,SRY
1776,2903,GRIN2A
1779,5309,PITX3
1780,129852,C2orf73
1781,6297,SALL2
1782,338645,LUZP2
1783,100131608,PRR23D1
1784,51046,ST8SIA3
1785,225,ABCD2
1786,6457,SH3GL3
1787,9626,GUCA1C
1788,387856,CCDC184
1789,10391,CORO2B
1790,392617,ELFN1
1791,100133251,PRR23D2
1792,9145,SYNGR1
1793,26585,GREM1
1794,548596,CKMT1A
1795,22999,RIMS1
1796,115948,CCDC151
1797,56126,PCDHB10
1798,1821,DRP2
1800,3578,IL9
1801,5678,PSG9
1802,158131,OR1Q1
1803,2670,GFAP
1804,85442,KNDC1
1805,50649,ARHGEF4
1806,5067,CNTN3
1807,8973,CHRNA6
1808,100113407,TMEM170B
1809,255275,MYADML2
1810,2743,GLRB
1811,7138,TNNT1
1812,440097,DBX2
1813,284427,SLC25A41
1814,3761,KCNJ4
1815,26280,IL1RAPL2
1816,57165,GJC2
1817,114795,TMEM132B
1818,286187,PPP1R42
1819,8862,APLN
1820,747,DAGLA
1821,875,CBS
1822,8622,PDE8B
1823,11033,ADAP1
1824,342035,GLDN
1825,100505993,TMEM210
1826,81553,CYRIA
1827,644139,PIRT
1828,146713,RBFOX3
1829,8995,TNFSF18
1830,138715,ARID3C
1831,6324,SCN1B
1832,646424,SPINK8
1833,8911,CACNA1I
1834,220107,DLEU7
1835,134121,C5orf49
1836,286183,NKAIN3
1837,84944,MAEL
1838,56924,PAK6
1839,57413,TMIGD3
1840,7545,ZIC1
1841,4974,OMG
1842,3642,INSM1
1843,10079,ATP9A
1844,140730,RIMS4
1845,163404,PLPPR5
1846,1114,CHGB
1847,9832,JAKMIP2
1848,79751,SLC25A22
1849,1410,CRYAB
1850,11069,RAPGEF4
1851,729355,TP53TG3B
1852,51299,NRN1
1853,53353,LRP1B
1854,51268,PIPOX
1855,343990,CRACDL
1856,5101,PCDH9
1857,23109,DDN
1858,6975,TECTB
1859,56136,PCDHA13
1860,201140,DHRS7C
1861,3698,ITIH2
1862,6853,SYN1
1863,259232,NALCN
1864,120114,FAT3
1865,7480,WNT10B
1866,8497,PPFIA4
1867,55323,LARP6
1868,389208,TMPRSS11F
1869,220382,FAM181B
1870,219527,LRRC55
1871,84440,RAB11FIP4
1872,57554,LRRC7
1873,4326,MMP17
1874,389383,CLPSL2
1875,338662,OR8D4
1876,81557,MAGED4B
1877,183,AGT
1878,134391,GPR151
1879,221692,PHACTR1
1880,259249,MRGPRX1
1881,6121,RPE65
1882,7368,UGT8
1883,154215,NKAIN2
1884,79054,TRPM8
1885,401138,AMTN
1886,283463,MUC19
1887,1008,CDH10
1888,63982,ANO3
1889,268,AMH
1890,9162,DGKI
1891,157855,KCNU1
1892,122042,RXFP2
1893,1641,DCX
1894,160492,LMNTD1
1895,143941,TTC36
1896,4604,MYBPC1
1897,8682,PEA15
1899,4155,MBP
1900,25791,NGEF
1901,23057,NMNAT2
1902,83543,AIF1L
1903,79856,SNX22
1904,100127206,MINAR2
1905,6534,SLC6A7
1906,348932,SLC6A18
1907,121601,ANO4
1908,58157,NGB
1910,2488,FSHB
1911,400629,TEX19
1912,25876,SPEF1
1913,51308,REEP2
1914,11061,CNMD
1915,349667,RTN4RL2
1916,728485,LOC728485
1917,219902,TLCD5
1918,10814,CPLX2
1919,93650,ACP4
1920,55502,HES6
1921,126731,CCSAP
1922,6263,RYR3
1923,2891,GRIA2
1924,64409,GALNT17
1925,26287,ANKRD2
1926,23507,LRRC8B
1927,7401,CLRN1
1928,258,AMBN
1929,7274,TTPA
1930,3351,HTR1B
1931,149563,SRARP
1932,50632,CALY
1933,166614,DCLK2
1934,2567,GABRG3
1935,815,CAMK2A
1936,100533181,FXYD6-FXYD2
1937,65217,PCDH15
1938,613211,DEFB134
1940,401647,GOLGA7B
1941,347730,LRRTM1
1942,118442,GPR62
1943,2256,FGF11
1944,9911,TMCC2
1945,2846,LPAR4
1946,6098,ROS1
1947,10900,RUNDC3A
1948,340745,LRIT2
1949,388662,SLC6A17
1950,4889,NPY5R
1952,7477,WNT7B
1953,285888,CNPY1
1954,388951,TSPYL6
1956,123041,SLC24A4
1957,477,ATP1A2
1958,89801,PPP1R3F
1959,220202,ATOH7
1960,3617,IMPG1
1963,51083,GAL
1964,84465,MEGF11
1965,785,CACNB4
1966,81282,OR51G2
1967,157724,SLC7A13
1968,554235,ASPDH
1969,5053,PAH
1970,284161,GDPD1
1971,56963,RGMA
1973,794,CALB2
1974,57467,HHATL
1975,201243,SPEM2
1976,22927,HABP4
1977,222865,TMEM130
1978,147746,HIPK4
1979,4885,NPTX2
1980,219681,ARMC3
1981,57537,SORCS2
1982,255119,CFAP299
1983,55515,ASIC4
1984,1463,NCAN
1985,256979,SUN3
1986,64211,LHX5
1987,6770,STAR
1988,55531,ELMOD1
1989,445815,PALM2AKAP2
1990,115584,SLC5A11
1991,7079,TIMP4
1992,83856,FSD1L
1993,441381,LRRC24
1994,57106,NAT14
1995,157753,TMEM74
1996,50859,SPOCK3
1997,729475,RAD51AP2
1998,57555,NLGN2
1999,8170,SLC14A2
2000,4917,NTN3
2001,202500,TCTE1
2002,8193,DPF1
2003,170692,ADAMTS18
2004,134,ADORA1
2005,84767,TRIM51
2006,2566,GABRG2
2007,547,KIF1A
2008,5136,PDE1A
2009,342865,VSTM2B
2012,26290,GALNT8
2013,57338,JPH3
2015,9722,NOS1AP
2016,353355,ZNF233
2017,4325,MMP16
2018,2917,GRM7
2020,642938,INSYN2A
2022,23105,FSTL4
2023,6696,SPP1
2024,80125,CCDC33
2025,282974,STK32C
2026,56884,FSTL5
2028,152015,ROPN1B
2029,1381,CRABP1
2031,57172,CAMK1G
2032,653082,ZDHHC11B
2033,171484,FAM9C
2034,3800,KIF5C
2035,57578,UNC79
2036,3763,KCNJ6
2037,9758,FRMPD4
2038,9568,GABBR2
2039,9607,CARTPT
2040,5530,PPP3CA
2041,11189,CELF3
2042,4004,LMO1
2043,23031,MAST3
2044,55190,NUDT11
2045,2172,FABP6
2047,402665,IGLON5
2048,127703,C1orf216
2049,114786,XKR4
2050,4892,NRAP
2051,56961,SHD
2052,256536,TCERG1L
2053,55016,MARCHF1
2054,4821,NKX2-2
2055,11077,HSF2BP
2056,90523,MLIP
2057,342667,STAC2
2058,22871,NLGN1
2059,83723,TLCD3B
2060,1006,CDH8
2061,6812,STXBP1
2062,2562,GABRB3
2063,130813,C2orf50
2064,51725,FBXO40
2065,56147,PCDHA1
2066,116372,LYPD1
2067,202559,KHDRBS2
2068,120939,TMEM52B
2069,80036,TRPM3
2070,1038,CDR1
2071,136263,SSMEM1
2072,6406,SEMG1
2073,55061,SUSD4
2074,26526,TSPAN16
2075,6638,SNRPN
2076,79739,TTLL7
2077,84735,CNDP1
2078,2560,GABRB1
2079,81832,NETO1
2080,162282,ANKFN1
2081,64753,CCDC136
2082,146760,RTN4RL1
2083,80128,TRIM46
2084,116154,PHACTR3
2085,401040,LOC401040
2086,4148,MATN3
2087,5596,MAPK4
2088,56479,KCNQ5
2089,79953,SYNDIG1
2090,51252,FAM178B
2091,745,MYRF
2092,230,ALDOC
2093,56895,AGPAT4
2094,6493,SIM2
2095,146,ADRA1D
2096,56521,DNAJC12
2097,150726,FBXO41
2098,728400,USP17L28
2099,144453,BEST3
2100,6698,SPRR1A
2101,10361,NPM2
2102,148870,CCDC27
2103,6623,SNCG
2104,3760,KCNJ3
2105,84258,SYT3
2106,4857,NOVA1
2107,1183,CLCN4
2108,2781,GNAZ
2109,64399,HHIP
2110,1418,CRYGA
2111,1428,CRYM
2112,494188,FBXO47
2113,340578,DCAF12L2
2114,8110,DPF3
2115,10394,PRG3
2116,9143,SYNGR3
2117,55704,CCDC88A
2118,441521,CT45A5
2119,84446,BRSK1
2120,57718,PPP4R4
2121,4842,NOS1
2122,149111,CNIH3
2123,51807,TUBA8
2125,5911,RAP2A
2126,353135,LCE1E
2127,122060,SLAIN1
2128,199720,GGN
2129,440279,UNC13C
2130,11076,TPPP
2131,132332,TMEM155
2132,221336,BEND6
2133,6616,SNAP25
2134,728239,MAGED4
2135,167410,LIX1
2136,3775,KCNK1
2137,284546,C1orf185
2138,441151,TMEM151B
2139,11127,KIF3A
2140,3751,KCND2
2141,51412,ACTL6B
2142,115827,RAB3C
2143,26011,TENM4
2144,165257,C1QL2
2145,219287,AMER2
2146,26254,OPTC
2147,56967,C14orf132
2148,3443,IFNA6
2149,10739,RFPL2
2150,79007,DBNDD1
2151,285368,PRRT3
2152,7080,NKX2-1
2153,353174,ZACN
2154,63934,ZNF667
2155,56704,JPH1
2156,338821,SLCO1B7
2157,29944,PNMA3
2158,27443,CECR2
2159,4248,MGAT3
2160,10215,OLIG2
2161,84779,NAA11
2162,100131897,INSYN2B
2163,64137,ABCG4
2164,376267,RAB15
2165,55806,HR
2166,4504,MT3
2167,219938,SPATA19
2168,348807,CFAP100
2169,2170,FABP3
2170,59284,CACNG7
2171,4741,NEFM
2172,3423,IDS
2173,30813,VSX1
2174,203074,PRSS55
2175,2660,MSTN
2176,25907,TMEM158
2177,1734,DIO2
2178,10690,FUT9
2179,10369,CACNG2
2180,121340,SP7
2182,1394,CRHR1
2183,4661,MYT1
2184,402778,IFITM10
2185,91752,ZNF804A
2186,4753,NELL2
2187,6701,SPRR2B
2188,138255,C9orf135
2190,23089,PEG10
2191,8549,LGR5
2192,283999,TMEM235
2193,26051,PPP1R16B
2194,26468,LHX6
2195,100131244,ANKRD63
2196,2538,G6PC
2197,400735,PRAMEF4
2198,9848,MFAP3L
2199,147658,ZNF534
2200,2173,FABP7
2201,84251,SGIP1
2202,9737,GPRASP1
2203,389827,MYMK
2204,10382,TUBB4A
2205,129807,NEU4
2206,116369,SLC26A8
2207,6334,SCN8A
2208,128864,C20orf144
2209,8506,CNTNAP1
2210,10966,RAB40B
2211,4062,LY6H
2212,56146,PCDHA2
2213,221458,KIF6
2214,56475,RPRM
2215,5081,PAX7
2216,51059,FAM135B
2218,131669,UROC1
2219,6804,STX1A
2220,56112,PCDHGA3
2221,389852,SPACA5
2222,658,BMPR1B
2223,116448,OLIG1
2224,100287478,USP17L21
2225,147741,ZNF560
2226,5178,PEG3
2227,27091,CACNG5
2228,55816,DOK5
2229,2250,FGF5
2231,56110,PCDHGA5
2232,340665,CYP26C1
2233,7093,TLL2
2234,503542,SPRN
2235,1837,DTNA
2236,286464,CFAP47
2237,57451,TENM2
2238,131034,CPNE4
2239,3706,ITPKA
2240,9615,GDA
2241,64101,LRRC4
2242,203190,LGI3
2243,10888,GPR83
2244,8499,PPFIA2
2245,577,ADGRB3
2246,154064,RAET1L
2247,347,APOD
2248,3266,ERAS
2249,219670,ENKUR
2250,78986,DUSP26
2251,151647,TAFA4
2252,8302,KLRC4
2253,120787,OR52W1
2254,2046,EPHA8
2255,153,ADRB1
2256,6703,SPRR2D
2257,129868,TRIM43
2258,92154,MTSS2
2259,5818,NECTIN1
2260,1816,DRD5
2261,8999,CDKL2
2262,220296,HEPACAM
2263,259217,HSPA12A
2264,390790,ARL5C
2265,7379,UPK2
2266,441871,PRAMEF7
2267,79740,ZBBX
2268,6261,RYR1
2269,4808,NHLH2
2270,102724473,GAGE10
2271,389812,LCN15
2272,7447,VSNL1
2273,2692,GHRHR
2275,23416,KCNH3
2276,7532,YWHAG
2277,23037,PDZD2
2278,10021,HCN4
2279,80758,PRR7
2280,27164,SALL3
2281,29906,ST8SIA5
2282,680,BRS3
2283,4159,MC3R
2284,127254,ERICH3
2285,93377,OPALIN
2286,11240,PADI2
2287,84467,FBN3
2288,3950,LECT2
2289,23362,PSD3
2290,132204,SYNPR
2291,148014,TTC9B
2292,9699,RIMS2
2293,100287327,USP17L17
2294,221391,OPN5
2295,6456,SH3GL2
2296,54857,GDPD2
2297,10858,CYP46A1
2298,114794,ELFN2
2299,5590,PRKCZ
2300,255057,CBARP
2301,116328,C8orf34
2302,168391,GALNTL5
2303,221409,SPATS1
2304,83259,PCDH11Y
2305,23630,KCNE5
2306,162540,SPPL2C
2307,112885,PHF21B
2308,57452,GALNT16
2309,285613,RELL2
2310,2915,GRM5
2311,84229,DRC7
2312,26960,NBEA
2313,79948,PLPPR3
2314,3360,HTR4
2316,55450,CAMK2N1
2317,399947,C11orf87
2318,64405,CDH22
2319,50863,NTM
2320,401067,IQCF3
2322,4685,NCAM2
2323,23236,PLCB1
2324,322,APBB1
2325,1261,CNGA3
2326,5801,PTPRR
2327,130399,ACVR1C
2328,1952,CELSR2
2329,401551,WDR38
2330,26539,OR10H1
2331,10446,LRRN2
2332,130574,LYPD6
2333,26248,OR2K2
2334,140679,SLC32A1
2335,4103,MAGEA4
2336,1010,CDH12
2337,29799,YPEL1
2338,6785,ELOVL4
2339,117532,TMC2
2340,148930,KNCN
2341,286827,TRIM59
2342,535,ATP6V0A1
2343,158038,LINGO2
2344,283209,PGM2L1
2345,285231,FBXW12
2346,729528,PRAMEF14
2347,2895,GRID2
2348,221710,SMIM13
2349,169166,SNX31
2350,8484,GALR3
2351,255762,PDZD9
2352,100131390,SP9
2353,133491,C5orf47
2354,55359,STYK1
2355,1411,CRYBA1
2357,5579,PRKCB
2358,2556,GABRA3
2359,139411,PTCHD1
2360,25834,MGAT4C
2361,9480,ONECUT2
2362,6540,SLC6A13
2363,3831,KLC1
2364,1159,CKMT1B
2365,26998,FETUB
2366,254122,SNX32
2367,401562,LCNL1
2368,23349,PHF24
2369,55619,DOCK10
2370,85455,DISP2
2371,441061,MARCHF11
2372,23519,ANP32D
2373,3788,KCNS2
2374,353144,LCE3C
2375,144568,A2ML1
2376,158798,AKAP14
2377,256227,STEAP1B
2378,26034,IPCEF1
2379,283554,GPR137C
2380,283652,SLC24A5
2381,6328,SCN3A
2382,10864,SLC22A7
2383,126129,CPT1C
2385,196472,FAM71C
2386,57817,HAMP
2387,23314,SATB2
2388,154661,RUNDC3B
2389,389073,C2orf80
2390,1272,CNTN1
2391,100507588,TGFBR3L
2392,2555,GABRA2
2393,254240,BPIFC
2394,340069,FAM170A
2395,163223,ZNF676
2396,2026,ENO2
2397,30818,KCNIP3
2398,4139,MARK1
2399,9311,ASIC3
2400,1770,DNAH9
2401,4745,NELL1
2402,131377,KLHL40
2403,11255,HRH3
2404,493829,TRIM72
2405,79905,TMC7
2406,1116,CHI3L1
2407,654502,IQCJ
2408,84539,MCHR2
2409,57497,LRFN2
2410,135152,B3GAT2
2411,2705,GJB1
2412,55859,BEX1
2413,114336,CGB2
2414,255101,CFAP65
2415,161931,ADAD2
2416,1141,CHRNB2
2417,9099,USP2
2419,246213,SLC17A8
2421,5126,PCSK2
2422,429,ASCL1
2423,8200,GDF5
2424,386618,KCTD4
2425,23025,UNC13A
2426,6036,RNASE2
2427,388553,BHMG1
2428,23270,TSPYL4
2429,55800,SCN3B
2430,22989,MYH15
2431,10381,TUBB3
2432,105,ADARB2
2433,130026,ICA1L
2434,123606,NIPA1
2435,2861,GPR37
2436,64077,LHPP
2437,1996,ELAVL4
2439,6695,SPOCK1
2440,10993,SDS
2441,83394,PITPNM3
2442,138724,C9orf131
2443,54039,PCBP3
2444,3354,HTR1E
2445,2209,FCGR1A
2447,219438,OR5D18
2448,84528,RHOXF2
2449,9119,KRT75
2450,2066,ERBB4
2451,6529,SLC6A1
2452,284111,SLC13A5
2453,444882,IGFL4
2454,10022,INSL5
2455,150356,CHADL
2456,326,AIRE
2457,1117,CHI3L2
2459,2044,EPHA5
2461,57093,TRIM49
2462,90249,UNC5A
2463,283310,OTOGL
2464,6271,S100A1
2465,5923,RASGRF1
2466,170261,ZCCHC12
2467,5924,RASGRF2
2468,192683,SCAMP5
2469,57611,ISLR2
2470,8601,RGS20
2471,6285,S100B
2472,1949,EFNB3
2473,5909,RAP1GAP
2474,374887,YJEFN3
2475,284293,HMSD
2476,348938,NIPAL4
2477,283248,RCOR2
2478,9856,KIAA0319
2479,8224,SYN3
2480,342125,TMC3
2481,10776,ARPP19
2482,1826,DSCAM
2483,388021,TMEM179
2484,166336,PRICKLE2
2485,3933,LCN1
2486,5224,PGAM2
2487,7425,VGF
2488,148641,SLC35F3
2489,8541,PPFIA3
2490,51224,ELOA2
2491,127343,DMBX1
2492,135927,LLCFC1
2493,282966,C10orf53
2495,4620,MYH2
2496,2849,GPR26
2497,220108,FAM124A
2498,26246,OR2L2
2499,2657,GDF1
2500,594855,CPLX3
2501,758,MPPED1
2502,79605,PGBD5
2503,10656,KHDRBS3
2504,112476,PRRT2
2505,401934,RNF223
2506,10313,RTN3
2507,149685,ADIG
2508,26049,FAM169A
2509,57471,ERMN
2510,54768,HYDIN
2511,56143,PCDHA5
2512,134701,RIPPLY2
2513,390616,ANKRD34C
2514,10962,MLLT11
2515,2039,DMTN
2516,114804,RNF157
2517,84684,INSM2
2518,23467,NPTXR
2519,401115,C4orf48
2520,340542,BEX5
2521,92211,CDHR1
2522,284067,CFAP97D1
2523,3787,KCNS1
2524,6506,SLC1A2
2525,196374,KRT78
2526,2691,GHRH
2527,10842,PPP1R17
2528,668,FOXL2
2529,12,SERPINA3
2530,84448,ABLIM2
2531,445577,C9orf129
2532,3773,KCNJ16
2533,9415,FADS2
2534,200008,CDCP2
2536,4135,MAP6
2537,643834,PGA3
2538,10633,RASL10A
2539,54972,TMEM132A
2540,5413,SEPTIN5
2541,1607,DGKB
2542,56287,GKN1
2543,219539,YPEL4
2544,56171,DNAH7
2545,340554,ZC3H12B
2546,8448,DOC2A
2548,259236,TMIE
2549,164714,TTLL8
2550,24141,LAMP5
2551,786,CACNG1
2552,114798,SLITRK1
2553,83851,SYT16
2554,4674,NAP1L2
2556,4018,LPA
2557,2785,GNG3
2558,56952,PRTFDC1
2559,6569,SLC34A1
2560,390037,OR52I1
2561,128674,PROKR2
2562,149175,MANEAL
2563,286097,MICU3
2564,65997,RASL11B
2565,51327,AHSP
2566,3062,HCRTR2
2567,79870,BAALC
2568,390999,PRAMEF12
2569,642612,TRIM49C
2570,6588,SLN
2571,9956,HS3ST2
2572,341880,SLC35F4
2573,4807,NHLH1
2574,5222,PGA5
2575,90113,VWA5B2
2576,57144,PAK5
2577,10669,CGREF1
2578,26050,SLITRK5
2579,417,ART1
2580,9028,RHBDL1
2581,2774,GNAL
2582,9293,GPR52
2583,50512,PODXL2
2584,9127,P2RX6
2585,118663,BTBD16
2586,154288,KHDC3L
2587,284418,FAM71E2
2588,388585,HES5
2589,4916,NTRK3
2590,84978,FRMD5
2592,1137,CHRNA4
2593,255022,CALHM1
2594,391013,PLA2G2C
2596,3362,HTR6
2597,1132,CHRM4
2598,9915,ARNT2
2599,7222,TRPC3
2600,5602,MAPK10
2601,390928,ACP7
2602,134829,CLVS2
2603,389197,C4orf50
2604,11281,POU6F2
2605,6855,SYP
2606,7365,UGT2B10
2608,57502,NLGN4X
2609,774,CACNA1B
2610,4978,OPCML
2611,84109,QRFPR
2612,388015,RTL1
2613,1742,DLG4
2614,64067,NPAS3
2616,55084,SOBP
2617,84631,SLITRK2
2618,23576,DDAH1
2619,494470,RNF165
2620,2636,GBX1
2621,10570,DPYSL4
2622,342850,ANKRD62
2623,2897,GRIK1
2624,85443,DCLK3
2625,844,CASQ1
2626,23671,TMEFF2
2627,1404,HAPLN1
2628,121793,TEX29
2630,361,AQP4
2631,2047,EPHB1
2632,363,AQP6
2633,1630,DCC
2634,51305,KCNK9
2635,388419,BTBD17
2636,399694,SHC4
2637,23040,MYT1L
2638,27345,KCNMB4
2639,7349,UCN
2640,26289,AK5
2641,257240,KLHL34
2642,100288520,USP17L15
2643,341359,SYT10
2644,441459,ANKRD18B
2645,59344,ALOXE3
2646,4118,MAL
2647,5816,PVALB
2648,114793,FMNL2
2649,151835,CPNE9
2651,6092,ROBO2
2652,494514,TYMSOS
2653,51440,HPCAL4
2654,8514,KCNAB2
2655,57709,SLC7A14
2656,5542,PRB1
2657,2123,EVI2A
2658,112609,MRAP2
2659,9715,FAM131B
2660,23205,ACSBG1
2661,5789,PTPRD
2662,85445,CNTNAP4
2663,80303,EFHD1
2664,375057,STUM
2665,414152,C10orf105
2666,8577,TMEFF1
2667,3350,HTR1A
2668,84970,C1orf94
2669,81569,ACTL8
2670,56108,PCDHGA7
2671,653643,GOLGA6D
2672,29106,SCG3
2673,4828,NMB
2674,5567,PRKACB
2675,150160,CCT8L2
2676,3361,HTR5A
2677,256472,TMEM151A
2678,4025,LPO
2679,6900,CNTN2
2680,5535,PPP3R2
2681,4884,NPTX1
2682,4131,MAP1B
2683,400745,SH2D5
2684,79152,FA2H
2685,1152,CKB
2686,148066,ZNRF4
2687,8715,NOL4
2688,3736,KCNA1
2690,127665,ZNF648
2691,284486,THEM5
2692,9628,RGS6
2693,91409,CCDC74B
2694,27254,CSDC2
2695,442247,RFPL4B
2696,8618,CADPS
2697,161829,EXD1
2698,26232,FBXO2
2699,3356,HTR2A
2700,130612,TMEM198
2701,139221,PWWP3B
2702,8739,HRK
2703,6844,VAMP2
2704,51481,VCX3A
2705,7552,ZNF711
2706,56107,PCDHGA9
2707,6561,SLC13A1
2708,348980,HCN1
2710,57113,TRPC7
2711,94032,CAMK2N2
2712,3381,IBSP
2713,100287441,USP17L20
2714,6014,RIT2
2715,8590,OR6A2
2716,2842,GPR19
2717,1002,CDH4
2718,221938,MMD2
2719,162494,RHBDL3
2720,55638,SYBU
2722,374946,DRAXIN
2723,83697,SLC4A9
2724,57670,KIAA1549
2725,22876,INPP5F
2726,9355,LHX2
2728,6579,SLCO1A2
2730,83876,MRO
2731,729993,SHISA9
2732,390264,OR10G4
2733,9912,ARHGAP44
2734,26033,ATRNL1
2735,635,BHMT
2736,122046,TEX26
2737,100129480,MKRN2OS
2738,27328,PCDH11X
2739,54413,NLGN3
2740,1592,CYP26A1
2741,151531,UPP2
2742,91683,SYT12
2743,6473,SHOX
2744,164781,DAW1
2745,1951,CELSR3
2746,1812,DRD1
2747,9081,PRY
2748,85508,SCRT2
2749,8927,BSN
2750,1995,ELAVL3
2751,283685,GOLGA6L2
2752,23413,NCS1
2753,27181,SIGLEC8
2754,55964,SEPTIN3
2755,129049,SGSM1
2756,390437,OR4N5
2757,85439,STON2
2758,100652824,KIAA2012
2759,5122,PCSK1
2760,90050,FAM181A
2762,340543,TCEAL5
2763,140870,WFDC6
2764,23504,RIMBP2
2765,83988,NCALD
2766,4829,NMBR
2767,400757,C1orf141
2768,440730,TRIM67
2769,84900,RNFT2
2770,56100,PCDHGB6
2771,9331,B4GALT6
2772,7007,TECTA
2773,284716,RIMKLA
2774,56918,C2orf83
2775,100287364,USP17L18
2776,4038,LRP4
2777,23373,CRTC1
2778,338811,TAFA2
2779,728656,DMRTC1B
2780,2892,GRIA3
2782,7932,OR2H2
2783,80757,TMEM121
2784,55079,FEZF2
2785,27296,TP53TG5
2786,54831,BEST2
2787,5217,PFN2
2788,816,CAMK2B
2789,1128,CHRM1
2790,29993,PACSIN1
2791,4852,NPY
2792,10505,SEMA4F
2793,58473,PLEKHB1
2794,84502,JPH4
2795,57159,TRIM54
2796,60506,NYX
2797,157807,CLVS1
2798,1301,COL11A1
2799,320,APBA1
2800,10083,USH1C
2801,9581,PREPL
2802,94160,ABCC12
2803,56849,TCEAL7
2804,4036,LRP2
2805,100129385,C9orf92
2806,56098,PCDHGC4
2807,5075,PAX1
2808,26470,SEZ6L2
2809,388135,INSYN1
2810,94030,LRRC4B
2812,10716,TBR1
2813,651746,ANKRD33B
2814,145581,LRFN5
2815,23518,R3HDM1
2818,9844,ELMO1
2819,10085,EDIL3
2820,166752,FREM3
2821,27255,CNTN6
2822,723961,INS-IGF2
2823,2741,GLRA1
2824,221424,LRRC73
2825,124274,GPR139
2826,26735,OR1L3
2827,64838,FNDC4
2828,375567,VWC2
2829,554226,ANKRD30BL
2830,7439,BEST1
2831,619208,FAM229B
2832,9369,NRXN3
2833,56955,MEPE
2834,83550,GPR101
2835,8022,LHX3
2836,89885,FATE1
2837,29119,CTNNA3
2838,148109,FAM187B
2839,57469,PNMA8B
2840,64093,SMOC1
2841,55228,PNMA8A
2842,4880,NPPC
2843,613212,CTXN3
2844,2304,FOXE1
2845,9514,GAL3ST1
2846,58512,DLGAP3
2847,29887,SNX10
2848,333,APLP1
2849,100532726,NDUFC2-KCTD14
2850,5458,POU4F2
2851,134548,SOWAHA
2852,3752,KCND3
2853,340120,ANKRD34B
2854,3767,KCNJ11
2855,92126,DSEL
2856,2899,GRIK3
2857,5260,PHKG1
2858,57465,TBC1D24
2859,5800,PTPRO
2860,1780,DYNC1I1
2861,100287718,ANKRD66
2862,8708,B3GALT1
2863,167681,PRSS35
2864,9752,PCDHA9
2865,27283,TINAG
2866,2847,MCHR1
